{
    "root_group": {
        "name": "",
        "path": "",
        "id": "d41d8cd98f00b204e9800998ecf8427e",
        "groups": {},
        "checks": {
                "read status 200": {
                    "passes": 23525,
                    "fails": 0,
                    "name": "read status 200",
                    "path": "::read status 200",
                    "id": "211e08f77f572fd9fbb26f2fac69bfc5"
                },
                "write status 200/201": {
                    "name": "write status 200/201",
                    "path": "::write status 200/201",
                    "id": "e469f66e107fce63ef5f7c91c15d7f9d",
                    "passes": 0,
                    "fails": 4716
                }
            }
    },
    "metrics": {
        "data_received": {
            "count": 10934788,
            "rate": 18208.0613805486
        },
        "vus_max": {
            "min": 25,
            "max": 25,
            "value": 25
        },
        "http_req_sending": {
            "avg": 0.03859197443433304,
            "min": 0,
            "med": 0,
            "max": 13.264,
            "p(90)": 0,
            "p(95)": 0
        },
        "http_req_waiting": {
            "med": 20.25175,
            "max": 1287.7555,
            "p(90)": 150.2231700000001,
            "p(95)": 239.65823499999976,
            "avg": 56.23086873340198,
            "min": 0.9015
        },
        "http_req_receiving": {
            "p(90)": 0.5718,
            "p(95)": 0.7723949999999997,
            "avg": 0.16223950107999094,
            "min": 0,
            "med": 0,
            "max": 106.9464
        },
        "checks": {
            "passes": 23525,
            "fails": 4716,
            "value": 0.8330087461492157
        },
        "data_sent": {
            "count": 25805372,
            "rate": 42969.813161799764
        },
        "http_req_connecting": {
            "max": 9.6314,
            "p(90)": 0,
            "p(95)": 0,
            "avg": 0.002461796678587868,
            "min": 0,
            "med": 0
        },
        "http_req_tls_handshaking": {
            "max": 0,
            "p(90)": 0,
            "p(95)": 0,
            "avg": 0,
            "min": 0,
            "med": 0
        },
        "http_req_blocked": {
            "avg": 0.02502406961509861,
            "min": 0,
            "med": 0,
            "max": 40.834,
            "p(90)": 0,
            "p(95)": 0
        },
        "iterations": {
            "count": 23525,
            "rate": 39.17265190485684
        },
        "iteration_duration": {
            "min": 512.8391,
            "med": 582.6039,
            "max": 1913.9979,
            "p(90)": 816.7200800000002,
            "p(95)": 934.5780199999998,
            "avg": 637.9135135047808
        },
        "http_req_duration": {
            "med": 20.46415,
            "max": 1288.7524,
            "p(90)": 150.36246,
            "p(95)": 239.83158499999968,
            "avg": 56.43170020891611,
            "min": 1.0455,
            "thresholds": {
                "p(95)<800": false
            }
        },
        "http_reqs": {
            "count": 56482,
            "rate": 94.0509978699309
        },
        "vus": {
            "value": 25,
            "min": 25,
            "max": 25
        },
        "http_req_failed": {
            "passes": 4716,
            "fails": 51766,
            "thresholds": {
                "rate<0.03": true
            },
            "value": 0.08349562692539216
        },
        "http_req_duration{expected_response:true}": {
            "avg": 55.78011988177575,
            "min": 1.0455,
            "med": 18.5469,
            "max": 1288.7524,
            "p(90)": 151.47985,
            "p(95)": 244.22562499999998
        }
    }
}