{
    "metrics": {
        "http_req_connecting": {
            "p(95)": 6.815719999999997,
            "avg": 1.9071411764705881,
            "min": 0,
            "med": 1.0934,
            "max": 9.921,
            "p(90)": 3.6076000000000015
        },
        "http_req_duration": {
            "med": 39.3987,
            "max": 80.6774,
            "p(90)": 48.9577,
            "p(95)": 60.038519999999984,
            "avg": 37.081729411764705,
            "min": 15.2656,
            "thresholds": {
                "p(95)<700": false
            }
        },
        "checks": {
            "passes": 10,
            "fails": 7,
            "value": 0.5882352941176471
        },
        "data_received": {
            "count": 6904,
            "rate": 36.76895661157883
        },
        "http_req_waiting": {
            "max": 79.6023,
            "p(90)": 48.553540000000005,
            "p(95)": 59.01517999999998,
            "avg": 36.538488235294125,
            "min": 15.2656,
            "med": 37.8911
        },
        "http_req_sending": {
            "max": 1.4366,
            "p(90)": 1.04108,
            "p(95)": 1.1473999999999998,
            "avg": 0.3263,
            "min": 0,
            "med": 0
        },
        "vus": {
            "value": 1,
            "min": 1,
            "max": 1
        },
        "http_req_tls_handshaking": {
            "avg": 0,
            "min": 0,
            "med": 0,
            "max": 0,
            "p(90)": 0,
            "p(95)": 0
        },
        "http_req_duration{expected_response:true}": {
            "avg": 45.13639,
            "min": 30.3201,
            "med": 42.28715,
            "max": 80.6774,
            "p(90)": 57.45865999999999,
            "p(95)": 69.06802999999998
        },
        "vus_max": {
            "value": 1,
            "min": 1,
            "max": 1
        },
        "data_sent": {
            "count": 10149,
            "rate": 54.051005308649124
        },
        "iteration_duration": {
            "avg": 11045.122964705879,
            "min": 11016.5485,
            "med": 11042.481,
            "max": 11164.8938,
            "p(90)": 11052.1999,
            "p(95)": 11078.05836
        },
        "http_req_failed": {
            "passes": 7,
            "fails": 10,
            "thresholds": {
                "rate<0.03": true
            },
            "value": 0.4117647058823529
        },
        "http_req_blocked": {
            "p(95)": 24.15543999999995,
            "avg": 6.803994117647058,
            "min": 0,
            "med": 1.2696,
            "max": 81.0932,
            "p(90)": 7.592040000000001
        },
        "iterations": {
            "rate": 0.09053769733442064,
            "count": 17
        },
        "http_reqs": {
            "count": 17,
            "rate": 0.09053769733442064
        },
        "http_req_receiving": {
            "max": 1.0104,
            "p(90)": 0.5599200000000001,
            "p(95)": 0.7000799999999998,
            "avg": 0.21694117647058825,
            "min": 0,
            "med": 0
        }
    },
    "root_group": {
        "name": "",
        "path": "",
        "id": "d41d8cd98f00b204e9800998ecf8427e",
        "groups": {},
        "checks": {
                "status is 201 or 200": {
                    "name": "status is 201 or 200",
                    "path": "::status is 201 or 200",
                    "id": "e7f6a07ab853bbacc49bafe9a21c60e8",
                    "passes": 10,
                    "fails": 7
                }
            }
    }
}