{
    "metrics": {
        "checks": {
            "passes": 38,
            "fails": 30,
            "value": 0.5588235294117647
        },
        "iterations": {
            "count": 68,
            "rate": 0.3597088761170338
        },
        "http_req_connecting": {
            "p(95)": 6.4179999999999975,
            "avg": 2.4513117647058817,
            "min": 0,
            "med": 1.3352499999999998,
            "max": 36.549,
            "p(90)": 4.1719800000000005
        },
        "http_req_sending": {
            "med": 0,
            "max": 2.925,
            "p(90)": 0.8688400000000008,
            "p(95)": 1.5839199999999998,
            "avg": 0.32900588235294104,
            "min": 0
        },
        "iteration_duration": {
            "med": 11043.55215,
            "max": 12190.6959,
            "p(90)": 11127.78248,
            "p(95)": 11156.662675,
            "avg": 11085.870407352937,
            "min": 11015.3934
        },
        "vus_max": {
            "value": 4,
            "min": 4,
            "max": 4
        },
        "http_req_failed": {
            "passes": 30,
            "fails": 38,
            "thresholds": {
                "rate<0.03": true
            },
            "value": 0.4411764705882353
        },
        "http_req_duration{expected_response:true}": {
            "max": 1182.862,
            "p(90)": 117.47756000000003,
            "p(95)": 283.9931649999985,
            "avg": 116.35021315789471,
            "min": 30.0001,
            "med": 47.1174
        },
        "data_sent": {
            "count": 40596,
            "rate": 214.74619904186918
        },
        "http_req_blocked": {
            "max": 36.549,
            "p(90)": 9.68268000000001,
            "p(95)": 31.36188,
            "avg": 4.67770441176471,
            "min": 0,
            "med": 1.71315
        },
        "vus": {
            "value": 2,
            "min": 2,
            "max": 4
        },
        "http_reqs": {
            "count": 68,
            "rate": 0.3597088761170338
        },
        "http_req_tls_handshaking": {
            "p(90)": 0,
            "p(95)": 0,
            "avg": 0,
            "min": 0,
            "med": 0,
            "max": 0
        },
        "http_req_duration": {
            "min": 12.1102,
            "med": 39.5505,
            "max": 1182.862,
            "p(90)": 98.2369,
            "p(95)": 118.61233,
            "avg": 77.75330441176472,
            "thresholds": {
                "p(95)<700": false
            }
        },
        "http_req_waiting": {
            "min": 12.1102,
            "med": 39.5505,
            "max": 1181.6787,
            "p(90)": 97.7125,
            "p(95)": 118.61233,
            "avg": 77.24010441176473
        },
        "data_received": {
            "count": 27142,
            "rate": 143.57673993483135
        },
        "http_req_receiving": {
            "med": 0,
            "max": 2.6194,
            "p(90)": 0.6017100000000004,
            "p(95)": 1.001115,
            "avg": 0.18419411764705884,
            "min": 0
        }
    },
    "root_group": {
        "name": "",
        "path": "",
        "id": "d41d8cd98f00b204e9800998ecf8427e",
        "groups": {},
        "checks": {
                "status is 201 or 200": {
                    "id": "e7f6a07ab853bbacc49bafe9a21c60e8",
                    "passes": 38,
                    "fails": 30,
                    "name": "status is 201 or 200",
                    "path": "::status is 201 or 200"
                }
            }
    }
}